,RMSE,MAPE,R2
Train,0.22994025,0.014510973046223322,0.147779643535614
Validation,0.23895743,0.04228835925459862,0.19088873267173767
