,RMSE,MAPE,R2
Train,3.5552666,0.029194156328837078,0.09792633851369222
Validation,4.092966,0.14125275611877441,0.2226022183895111
