,RMSE,MAPE,R2
Train,0.807034,0.012000897278388342,-0.01263586680094401
Validation,1.0902097,0.09174967929720879,-0.19290494918823242
