,RMSE,MAPE,R2
Train,2.4946988,0.01846148446202278,-0.49777571360270184
Validation,3.300858,0.1462494656443596,0.17062947154045105
