,MAPE,RMSE,R2,CRMSD
Train,0.026743301773646828,0.14568628924216134,0.7085647060785119,-
Test,0.04684094923924422,0.2661003868449441,0.3153528915652424,0.2687618881784411
