,MAPE,RMSE,R2,CRMSD
Train,0.1014815376380057,2.5136755495368677,0.6456038837597344,-
Test,0.13285979359493905,3.1129678374277927,0.36661432093658186,3.1134945989058673
