,MAPE,RMSE,R2,CRMSD
Train,0.06507400169344672,1.9177700516205483,0.8994311334281214,-
Test,0.10352624025341804,3.2097203775514287,0.6633699671978837,3.229617305203376
