,MAPE,RMSE,R2,CRMSD
Train,0.05798981022993336,0.7230814253749354,0.47961201412718946,-
Test,0.0723711903265402,0.9702522303057786,0.062279072899449006,0.968270737853163
