,MAPE,RMSE,R2,CRMSD
Train,0.01595755393245999,0.46868369209225585,0.9943837804314125,-
Test,0.09227407913269224,3.657981108450899,0.47629601621662865,3.83527638567016
