,MAPE,RMSE,R2,CRMSD
Train,0.0030515146442414392,0.019254691991107204,0.9952090679722034,-
Test,0.03809240358584582,0.24443141231710416,0.4157827491291568,0.24532452684359016
