,MAPE,RMSE,R2,CRMSD
Train,0.02421490981961094,0.5752684759886746,0.9833445612920535,-
Test,0.10955910182086645,3.4981790746347627,-0.03978185550706592,3.5624545650949395
