,MAPE,RMSE,R2,CRMSD
Train,0.017050447007968123,0.19760010238470968,0.9674452210825217,-
Test,0.06981505257927204,1.007981101836985,-0.3990679398239021,1.0046150016294175
