,MAPE,RMSE,R2,CRMSD
Train,0.04069331465075619,1.0533706277394685,0.9253512962337682,-
Test,0.16336762253712836,4.030985822564603,0.1985144870641088,4.016128366293141
