,MAPE,RMSE,R2,CRMSD
Train,0.027024183221948963,0.1643012058329685,0.6401139076855846,-
Test,0.04859023742694858,0.27047583332479147,0.38213377679156413,0.2719860615398707
