,MAPE,RMSE,R2,CRMSD
Train,0.06922201648868577,0.8799842534642229,0.16062460268613887,-
Test,0.0847504616701022,1.0388004737554928,0.09894626232500547,1.0426291017871563
