,MAPE,RMSE,R2,CRMSD
Train,0.06814332633076094,2.1190458790682754,0.8560608641073579,-
Test,0.11926403111701712,3.4175384527628245,0.6980638914130479,3.448807657821417
