,MAPE,RMSE,R2,CRMSD
Train,0.06009885808930976,0.7751082232594934,0.4020325563808993,-
Test,0.0702503091929146,0.9412401858963622,0.11751927027971798,0.9376123743519217
