,MAPE,RMSE,R2,CRMSD
Train,0.09231349375541859,2.2953487598608135,0.7044929290499471,-
Test,0.12781276572163647,3.0841235519164067,0.3782976513456602,3.083510132631471
