,MAPE,RMSE,R2,CRMSD
Train,0.08653704146024423,2.536303577725783,0.8240971161269675,-
Test,0.10567777400852624,3.1710009104089187,0.6714426447791603,3.1712661553589303
