,MAPE,RMSE,R2,CRMSD
Train,0.086668226721689,2.5396950061931687,0.8236263831273626,-
Test,0.10520771399607473,3.17546687233641,0.6705165284181858,3.1754609848987814
