,MAPE,RMSE,R2,CRMSD
Train,0.07241092952697428,0.880857201417689,0.3530787183195033,-
Test,0.08659035299598786,1.105335063302832,-0.6823715627499833,1.1701304369016752
