,MAPE,RMSE,R2,CRMSD
Train,0.07821640713502659,2.531405246214131,0.8361646002538062,-
Test,0.08953255595291515,3.032734815612375,0.6400254188866006,3.0816423610711072
