,MAPE,RMSE,R2,CRMSD
Train,0.12861995331627385,3.036928110171131,0.5358226468064042,-
Test,0.09669127246775634,2.3766316760080595,0.5200655536280046,2.413015205924242
