,MAPE,RMSE,R2,CRMSD
Train,0.023329322377486108,0.15172212800167442,0.7025289486691169,-
Test,0.034949909163499736,0.2238782252856162,0.5099007323086534,0.22818625372550166
