,MAPE,RMSE,R2,CRMSD
Train,0.10565298897094741,2.5585492851658063,0.6082272415709422,-
Test,0.13261208011466133,3.0586768565134004,0.4248279630688987,3.0532448980837543
