,MAPE,RMSE,R2,CRMSD
Train,0.08880685495618888,2.598918420948677,0.8153047247499162,-
Test,0.10580974032565,3.1762340452479387,0.6703573069000417,3.175875639657835
