,MAPE,RMSE,R2,CRMSD
Train,0.06146188062858217,0.7916821391858172,0.3761868221882483,-
Test,0.0691707460452888,0.9387311500452767,0.12221780459807641,0.9358752752884074
