,MAPE,RMSE,R2,CRMSD
Train,0.09142144136667153,2.2725226604242015,0.7103410465213207,-
Test,0.12724898308109667,3.070357242163198,0.38383533229434996,3.069521684416415
