,MAPE,RMSE,R2,CRMSD
Train,0.05999884965512338,0.7763086156170947,0.400179005238944,-
Test,0.06916359494446102,0.9371185260000446,0.12523105673029455,0.9344950004359824
