,MAPE,RMSE,R2,CRMSD
Train,0.07242987407086778,2.3388816125728145,0.8394893810322117,-
Test,0.08755257675648942,2.828422955349444,0.752251276981798,2.835997580891248
