,MAPE,RMSE,R2,CRMSD
Train,0.1448396287393074,4.134304717739183,0.5326142609012305,-
Test,0.1525361694130734,4.120196967221949,0.44530478858304545,4.185776713887344
