,MAPE,RMSE,R2,CRMSD
Train,0.14161192343442788,3.52799999940922,0.30188388193678306,-
Test,0.1578858740061595,3.4902451745708825,0.2037841053648366,3.5063164533895312
