,MAPE,RMSE,R2,CRMSD
Train,0.03692818945731127,0.1929025655334865,0.4890471928934893,-
Test,0.05307336746116154,0.2811149915280622,0.2359112952219522,0.28530829138288183
