,MAPE,RMSE,R2,CRMSD
Train,0.07556235896015397,0.8914665109053861,0.2090247096795299,-
Test,0.0788135164292715,0.9754704798529279,0.052165372114008735,0.9764181751437301
