,MAPE,RMSE,R2,CRMSD
Train,0.09184658980031422,2.282077371547056,0.7079002121051562,-
Test,0.12794305754881113,3.0871965694826855,0.3770581069386495,3.088114297517128
