,MAPE,RMSE,R2,CRMSD
Train,0.025015456051022116,0.15224289631312982,0.6817423459465519,-
Test,0.037742611641932315,0.23535000082390373,0.4644448809997458,0.23548199993183364
