,RMSE,MAPE,R2
Train,1.166266,0.05212337772051493,-0.0722661018371582
Validation,0.8084922,0.07435405813157558,0.3572723865509033
