,RMSE,MAPE,R2
Train,3.4615247,0.0892350971698761,-0.050864219665527344
Validation,3.1095066,0.11375371739268303,0.20410743355751038
