,RMSE,MAPE,R2
Train,4.537563,0.04914417862892151,0.18714640537897745
Validation,3.665152,0.11826419085264206,0.2116941511631012
