,RMSE,MAPE,R2
Train,0.19426757,0.007697192331155141,0.2409686247507731
Validation,0.19638433,0.034242866560816765,0.37552666664123535
