,MAPE,RMSE,R2,CRMSD
Train,0.0619173920752,0.7929216829393261,0.3501024927638883,-
Test,0.07785205020046555,0.9725434895804298,0.10974505198647622,0.984164623128708
