,MAPE,RMSE,R2,CRMSD
Train,0.08924883919927248,2.2847504149119775,0.6875905301918945,-
Test,0.11298559359276879,2.8254791627211966,0.5091884349917655,2.8331181914289405
