,MAPE,RMSE,R2,CRMSD
Train,0.021636483506341238,0.14707266339510336,0.697483873813569,-
Test,0.03576352677120991,0.2399803846748304,0.47127017737832244,0.2403505403675257
