,RMSE,MAPE,R2
Best epoch (110) Train,3.3360493,0.09134265780448914,-0.06561021010080974
Best epoch (110) Validation,2.894553,0.1090235747396946,0.27833080291748047
