,RMSE,MAPE,R2
Best epoch (464) Train,1.1866002,0.05096915364265442,-0.08362372716267903
Best epoch (464) Validation,0.83664995,0.07760573737323284,0.330403208732605
