,RMSE,MAPE,R2
Best epoch (178) Train,4.0219727,0.04044764737288157,0.15136555830637613
Best epoch (178) Validation,3.0700934,0.11076118797063828,0.405597448348999
