,RMSE,MAPE,R2
Best epoch (178) Train,0.1713887,0.002242735276619593,0.3267348011334737
Best epoch (178) Validation,0.20998892,0.036794704385101795,0.37230634689331055
