Key 1,Key 2
0.7739560485559633,0.4388784397520523
0.8585979199113825,0.6973680290593639
0.09417734788764953,0.9756223516367559
0.761139701990353,0.7860643052769538
0.12811363267554587,0.45038593789556713
0.37079802423258124,0.9267649888486018
0.6438651200806645,0.82276161327083
0.44341419882733113,0.2272387217847769
0.5545847870158348,0.06381725610417532
0.8276311719925821,0.6316643991220648
