,RMSE,MAPE,R2
Best epoch (198) Train,1.1714749,0.04420482615629832,-4.963714599609375
Best epoch (198) Validation,0.8792417,0.08156461454927921,0.2660849392414093
