,RMSE,MAPE,R2
Best epoch (110) Train,3.33605,0.09134268760681152,-0.06561056772867839
Best epoch (110) Validation,2.894553,0.10902358219027519,0.27833086252212524
