,RMSE,MAPE,R2
Best epoch (483) Train,0.19426477,0.007696942736705144,0.2409744660059611
Best epoch (483) Validation,0.19638269,0.03424236737191677,0.37553146481513977
