,RMSE,MAPE,R2
Best epoch (178) Train,4.021973,0.04044767220815023,0.15136557817459106
Best epoch (178) Validation,3.070094,0.11076121032238007,0.40559735894203186
